﻿Designator,Footprint,Quantity,Value,LCSC Part #
"C10, C11, C13, C16",Capacitor_0402,4,100nF,C307331
"C12, C17",Capacitor_0402,2,4.7uF,C23733
C14,Capacitor_0402,1,10nF,C15195
"C15, C8, C9",Capacitor_0402,3,1uF,C52923
C7,Diode_SOD-123,1,100nF,C307331
"D1, D10, D11, D12, D13, D14, D15, D16, D17, D18, D19, D2, D20, D21, D22, D23, D24, D25, D26, D27, D28, D29, D3, D30, D31, D32, D33, D34, D35, D36, D37, D38, D39, D4, D40, D41, D42, D43, D44, D45, D46, D47, D48, D49, D5, D50, D51, D52, D53, D54, D55, D56, D57, D58, D59, D6, D60, D61, D62, D63, D64, D65, D66, D67, D68, D69, D7, D70, D71, D72, D73, D74, D75, D76, D77, D78, D79, D8, D80, D9",Diode_SOD-123,80,Diode,
F1,Fuse_0603,1,500mA,C210357
J1,USB_C_HRO_TYPE-C-31-M-12,1,USB_C,C165948
R1,0402,1,10k,C25744
"R2, R3",0402,2,5.1k,C25905
"S1, S10, S11, S12, S13, S14, S15, S16, S17, S18, S19, S2, S20, S21, S22, S23, S24, S25, S26, S27, S29, S3, S31, S32, S33, S34, S35, S36, S37, S38, S39, S4, S40, S41, S42, S44, S46, S47, S48, S49, S5, S50, S51, S52, S53, S54, S55, S56, S58, S6, S60, S61, S62, S63, S64, S65, S66, S67, S68, S69, S7, S71, S78, S79, S8, S80, S9",Hotswap_MX_1.00u,67,Keyswitch,
S28,Hotswap_MX_2.00u,1,Keyswitch,
"S30, S43, S76, S77",Hotswap_MX_1.50u,4,Keyswitch,
"S45, S70",Hotswap_MX_1.75u,2,Keyswitch,
"S57, S59",Hotswap_MX_2.25u,2,Keyswitch,
"S72, S73, S74",Hotswap_MX_1.25u,3,Keyswitch,
S75,Hotswap_MX_6.25u,1,Keyswitch,
SW1,Button_TL3342,1,SW_Push,C115351
U1,Package_LQFP-48_7x7mm_P0.5,1,STM32F072CBT6,C81720
U3,Voltage_SOT-23,1,XC6206,C5446
U4,ESD_SOT-23-6,1,USBLC6-2SC6,C2827654
